{
  "rows_total": 1567,
  "rows_train": 1253,
  "rows_test": 314,
  "feature_count": 50,
  "positive_rate_pct": 93.36,
  "f1_fail_class": 0.962,
  "roc_auc": 0.5661,
  "precision_fail": 0.9327,
  "recall_fail": 0.9932,
  "confusion_matrix": [
    [
      0,
      21
    ],
    [
      2,
      291
    ]
  ],
  "classification_report": {
    "0": {
      "precision": 0.0,
      "recall": 0.0,
      "f1-score": 0.0,
      "support": 21.0
    },
    "1": {
      "precision": 0.9326923076923077,
      "recall": 0.9931740614334471,
      "f1-score": 0.9619834710743802,
      "support": 293.0
    },
    "accuracy": 0.9267515923566879,
    "macro avg": {
      "precision": 0.46634615384615385,
      "recall": 0.49658703071672355,
      "f1-score": 0.4809917355371901,
      "support": 314.0
    },
    "weighted avg": {
      "precision": 0.8703147966682998,
      "recall": 0.9267515923566879,
      "f1-score": 0.8976469968942464,
      "support": 314.0
    }
  },
  "top_features": [
    [
      "feature_015",
      0.04543201823487238
    ],
    [
      "feature_008",
      0.03906414954209203
    ],
    [
      "feature_044",
      0.03458025508069467
    ],
    [
      "feature_023",
      0.03304710580669679
    ],
    [
      "feature_030",
      0.02949529667973822
    ],
    [
      "feature_020",
      0.028435241496283757
    ],
    [
      "feature_045",
      0.02757142536737828
    ],
    [
      "feature_033",
      0.027507467449528953
    ],
    [
      "feature_050",
      0.023596622364262347
    ],
    [
      "feature_049",
      0.02310675038168571
    ]
  ]
}